CustomerID,Gender,Customer_Age,Balance,Num_of_Products,Is_Active,Tenure,Has_Credit_Card,EstimatedSalary,Churn
1,Male,34,9148.683739775488,4,1,1,0,148292.18995028894,0
2,Female,26,87746.08626303804,2,1,5,0,124954.11509960203,0
3,Male,50,26560.004258870606,2,1,4,0,102166.0884826276,0
4,Male,37,12951.492128280417,2,1,9,0,70706.43580701406,0
5,Male,30,88874.80798689772,2,1,9,1,95351.45384528993,1
6,Female,45,95565.14982297533,3,1,5,0,34928.18073484865,1
7,Male,65,86212.76172654507,4,1,10,1,119379.00906358956,0
8,Male,46,80951.60747248781,1,1,4,1,83514.6654110522,1
9,Male,30,65524.19806390217,4,1,7,0,32402.787567862513,0
10,Female,63,55085.73706091393,3,1,6,1,37500.832981249296,0
11,Male,52,8698.675991141014,2,0,4,1,76495.9756586108,0
12,Male,23,40845.32130706987,3,1,10,0,100010.58228221221,0
13,Male,35,37268.8517012314,4,1,2,1,85704.4738742552,0
14,Male,68,25975.378376032622,1,1,1,1,104304.51807505859,1
15,Female,22,72342.0113688585,3,1,4,1,87635.31105496269,0
16,Male,64,49587.57350787708,1,1,4,0,109404.46145776162,0
17,Female,42,8104.621590764793,3,0,1,0,56295.12776049611,0
18,Female,19,22018.320194981134,1,0,6,0,43541.18246203457,1
19,Female,27,68325.87636595959,1,1,4,1,101572.07455507919,0
20,Male,47,7613.085949030018,2,1,1,0,88162.7420323569,0
21,Female,67,85120.69140487687,1,1,1,1,33224.11848539224,0
22,Male,62,49514.652701397434,2,1,1,0,75657.8262591643,0
23,Female,22,48058.6577326648,4,1,8,1,42735.070258919455,0
24,Female,50,59240.77846595176,4,1,10,0,93762.81981032342,0
25,Female,18,82468.09659251492,2,1,8,0,77493.3215592517,0
26,Female,35,34780.92079021931,2,0,2,1,103578.22933236216,0
27,Female,49,67801.61525590635,3,1,7,0,126672.2662524286,1
28,Female,64,56573.19639957911,3,1,8,1,65960.2420609789,0
29,Female,66,26702.827016942134,3,0,8,0,145452.25249980332,0
30,Female,28,87862.9986355158,4,1,10,0,94276.14007050893,1
31,Male,38,79742.60216069281,3,1,7,1,104194.89585057455,0
32,Male,43,65845.18346584255,1,1,5,1,111680.68478708844,1
33,Female,42,85058.17290942419,1,1,1,1,110007.78358291078,0
34,Female,39,86729.42009598024,3,1,9,0,91316.48916540745,0
35,Female,44,70836.29767150347,1,1,7,1,81451.71493376202,0
36,Male,66,83701.3328363672,4,1,2,0,36453.83570128535,1
37,Female,30,69747.14616692836,1,1,6,1,32650.30143614157,0
38,Male,50,68014.07717603004,4,0,2,1,72955.34334393176,0
39,Male,51,61861.13782151843,2,1,1,1,70039.30687604312,1
40,Male,58,75271.66395576412,2,1,7,1,76523.41858068081,0
41,Male,52,15860.51052930737,2,1,2,1,46604.184106582805,0
42,Male,18,88087.07591989284,2,1,2,1,118580.19246442124,0
43,Female,38,87184.3527745232,1,1,5,0,132835.72977314866,0
44,Female,65,2924.7283034559146,3,1,5,1,142645.7562448842,0
45,Female,23,82581.67505647626,1,1,7,0,89083.4764223551,0
46,Female,45,12886.98674734452,4,1,1,1,114103.88389505143,0
47,Female,34,33511.88542591419,1,1,8,1,132666.1348123047,0
48,Male,22,74350.82562916078,1,1,3,1,80194.93333121832,1
49,Female,48,16075.98960483082,4,1,4,0,67129.53538445332,1
50,Female,22,81796.70241190623,2,1,9,0,142406.94670241882,0
51,Male,55,83213.41779577419,2,0,4,1,91881.18612924877,1
52,Female,20,50746.77337608362,2,1,10,0,89670.46639090535,0
53,Male,40,638.587171683358,3,1,5,1,51409.93158761949,0
54,Female,54,28703.813317491276,4,1,7,1,42978.60174880281,0
55,Male,54,61692.69183757422,4,1,4,0,131052.82349802139,0
56,Female,27,98118.61780274234,1,1,1,0,103695.98114250216,0
57,Female,27,63181.35270166684,3,1,9,0,69098.95008233385,1
58,Male,36,25980.35810641598,2,0,4,0,53008.34608683198,0
59,Male,34,63400.570309961135,3,1,9,1,96659.67362035577,1
60,Male,38,53998.537971585545,4,1,6,0,100070.31471133624,0
61,Male,31,77984.53951511436,4,1,1,0,54839.23214940698,0
62,Male,26,10698.06388269584,1,0,3,1,132168.6897469769,0
63,Male,63,76102.7902502028,1,0,2,0,40111.72393870213,0
64,Male,18,54126.65786761103,4,1,9,0,72731.1702199706,0
65,Male,68,96299.20038589946,2,1,1,0,111646.12965150265,0
66,Female,62,34187.21660386861,2,1,9,0,62894.44365830408,0
67,Female,30,63262.18931339481,3,0,9,1,129321.02337375261,0
68,Male,21,93202.81055100175,4,1,8,1,118784.13919204842,0
69,Female,18,10250.972799067926,4,1,8,0,124682.7413457761,0
70,Female,66,93722.84872364512,2,0,1,0,44292.784305205954,1
71,Female,57,68788.57223008134,2,0,8,1,46865.65535946515,0
72,Female,49,6783.70591051719,4,1,10,0,64376.848529350034,0
73,Male,51,30096.356694681625,1,1,3,0,92169.25982370734,1
74,Female,45,70817.20886452816,4,1,7,0,119761.92920392829,0
75,Male,48,6735.06014687717,4,1,1,0,130383.70689130842,0
76,Female,25,58217.04601762733,2,1,1,0,114520.23791486166,1
77,Female,56,34588.305695295676,2,0,10,0,141431.6257836766,0
78,Female,43,62091.551776747714,1,1,5,0,118649.22115391164,0
79,Male,51,4574.203381251285,1,1,5,0,66752.14644055377,0
80,Female,20,87153.68061523762,3,1,8,0,61809.75412062871,1
81,Male,67,97348.8969177397,4,1,7,1,113543.09403613079,1
82,Female,29,96887.78552856915,2,1,8,1,53144.46824275371,0
83,Male,18,74965.18317429247,1,1,6,1,41125.77729723239,0
84,Female,61,13008.624013063198,3,1,6,0,93866.74498274327,0
85,Male,22,75826.31959290226,3,1,2,0,128596.98837347464,0
86,Male,47,2458.691645880151,2,1,6,1,42165.58109638363,0
87,Female,47,2212.3551528997255,2,0,5,0,125026.95885548751,0
88,Male,34,32361.021914954126,3,0,3,1,127388.64052218577,1
89,Female,65,48864.31904046657,1,1,6,0,87872.88000978522,1
90,Female,64,77040.74178077932,3,1,8,1,36877.23720125842,0
91,Female,40,68329.53766065052,4,0,9,1,50950.782149662366,0
92,Female,32,44590.27063767483,4,1,1,1,114891.15301943188,0
93,Female,54,27362.66662816659,2,0,3,0,115413.35339891394,0
94,Female,38,99712.45001577112,1,1,3,1,137802.63302011986,0
95,Female,31,42618.1302235973,1,1,8,0,99922.33758654994,1
96,Female,19,45138.70243296755,4,1,1,0,44892.88412565329,0
97,Female,28,16362.382119166918,3,1,5,0,44569.788660596656,0
98,Female,68,79480.95487499294,2,1,3,0,116535.88288281884,0
99,Female,56,69368.22257814887,3,0,2,0,52054.15981294814,0
100,Male,55,22076.96127887604,3,1,8,0,69406.25995399265,0
101,Male,51,8238.10456158427,3,1,3,0,88465.44083062967,0
102,Female,55,68049.9302074713,1,1,7,1,32971.78530913814,0
103,Female,67,65451.121428113525,4,1,1,1,59858.28324239182,1
104,Female,51,27325.952699820933,1,0,6,1,78946.75302087361,0
105,Female,35,95086.35622504103,4,1,3,0,63556.35821918475,0
106,Female,47,15105.789178090023,2,1,8,0,46364.4392961079,0
107,Female,32,43233.48010426019,2,1,6,0,117361.47093554368,0
108,Female,44,94361.59201675988,3,1,2,0,127577.7186201582,0
109,Female,68,41972.73169261223,4,1,6,1,60897.477137246984,0
110,Male,51,63852.594766408554,4,1,7,0,122930.3393527564,0
111,Female,69,39759.439796279425,4,0,5,1,76266.42772815767,0
112,Male,55,27421.520234867003,3,1,3,0,90802.29490248032,0
113,Female,50,98397.76479598282,3,1,4,1,132720.12898717832,0
114,Female,41,40933.4006315043,2,1,4,0,119994.44181628893,1
115,Male,32,89409.92036791344,1,1,6,1,126614.02215794132,0
116,Female,47,22995.460589108618,4,1,10,0,46421.41999036282,0
117,Male,59,21310.47040250833,4,0,1,1,38366.33110004754,0
118,Female,68,3113.408288451136,1,1,4,0,137208.56749055843,0
119,Female,34,65166.6825375885,4,1,10,1,76540.11234853131,1
120,Male,22,36852.63437237612,3,1,4,1,64545.561368361705,0
121,Female,46,86435.8249839637,3,1,10,0,116963.55051141894,1
122,Male,21,47320.99066915572,4,1,1,1,130369.87158958279,1
123,Female,27,96819.34279147217,3,1,9,0,133498.75462779612,0
124,Male,34,18552.551570312116,3,0,4,0,67919.65693502728,0
125,Male,27,86862.31679556108,4,1,7,0,132265.48694420088,0
126,Female,34,77659.68527917417,2,1,3,1,34912.073324921446,1
127,Female,37,77092.1844644052,1,0,10,1,35959.37897516626,0
128,Male,41,84478.32281168876,3,0,3,0,104822.30342089853,0
129,Female,22,76102.3990942999,2,1,8,0,37572.76429386555,0
130,Female,51,62622.032163141535,3,1,8,1,68953.10022121939,0
131,Female,23,13124.487768238758,3,1,1,1,110730.71834963089,0
132,Male,19,3252.6179491251914,1,0,10,1,70472.02752650715,0
133,Male,30,92084.78478156868,3,1,2,0,51551.973772811514,0
134,Male,60,61665.0314520738,1,1,8,0,63762.074622461,1
135,Male,60,79653.72909761763,1,1,1,0,84909.03987005181,0
136,Male,65,48152.23515125501,1,1,8,0,87046.30264265789,0
137,Male,28,11730.818896239447,2,1,8,0,123960.02776166424,0
138,Male,68,12518.579220255044,4,1,2,1,120018.3875317815,0
139,Male,64,68556.52872289714,2,1,4,0,84818.13654673622,0
140,Male,40,43030.58948994627,4,1,6,1,131480.08189185255,0
141,Female,33,20052.472670033672,4,1,9,1,43708.4566309675,0
142,Male,48,49159.454674143686,1,1,8,0,60642.40202746818,0
143,Female,28,6420.893707513409,3,1,8,1,129357.17562027018,0
144,Female,33,58197.14019143988,1,0,7,0,75359.28463513838,0
145,Female,25,26899.340443509765,3,0,9,1,147741.78705526105,0
146,Male,21,79755.91006371881,4,0,2,0,85950.39378334025,0
147,Male,57,31036.195892357377,1,1,3,0,125032.27475565168,0
148,Male,21,45522.01490818012,3,1,10,1,78276.84496588464,0
149,Male,42,1162.0539908100636,2,0,8,0,80994.42228749164,0
150,Female,20,7244.688779455888,3,1,6,1,75945.97767410202,0
151,Male,49,39249.35564066848,1,1,10,0,116289.07446129741,1
152,Male,20,47993.883471712354,2,1,9,0,95702.14608719933,1
153,Male,44,60002.05481193037,3,1,10,0,143253.3733642043,0
154,Male,46,29166.257870930323,3,1,4,1,60106.83798409257,0
155,Male,49,69498.18861265425,3,0,8,1,42067.52785001332,1
156,Female,67,86012.23971892046,3,1,10,0,77191.37821190583,0
157,Male,68,77985.09888933499,3,1,3,1,104005.52491761312,0
158,Female,36,3961.8825348357145,2,1,3,0,133295.87242985942,1
159,Male,38,48050.694725782894,4,1,8,1,71543.62640163931,0
160,Female,22,10493.017841817487,2,1,5,1,108454.41013493539,0
161,Male,35,24204.501586252747,2,0,3,0,72023.84172278628,0
162,Male,45,98666.25932671464,2,0,10,0,104066.34995933497,0
163,Female,59,14249.554290151324,4,1,1,0,136176.9536436781,0
164,Female,39,49888.815345135605,1,1,3,0,57762.91707112908,0
165,Female,38,61815.57343181191,4,0,9,0,78508.9970528447,0
166,Male,23,70246.4970544104,2,1,5,1,149191.82357156958,0
167,Female,18,55964.86834869141,3,1,10,1,134226.8433899353,0
168,Male,22,977.0847419183659,3,1,2,0,97756.78294754424,0
169,Male,58,32646.130824399188,2,1,7,0,91995.31102251304,0
170,Female,29,51771.16433847114,3,1,2,0,64152.045876561715,0
171,Female,43,8786.649914483336,2,1,4,1,92065.13132322353,0
172,Male,63,35062.69312091808,3,0,7,0,131781.77979359365,1
173,Male,51,3320.3108791366562,4,1,4,0,112220.94159333367,0
174,Female,66,7857.849715502074,1,1,7,1,64805.28338135839,0
175,Female,31,39692.32762015961,1,1,7,1,54175.67052642396,0
176,Female,43,13271.575404306035,4,1,1,1,61825.02443961949,0
177,Male,62,56754.08482615581,4,1,6,1,50371.10416713919,0
178,Male,44,68946.49691372657,2,1,9,0,41476.883522845914,0
179,Male,26,80058.66991090828,2,1,2,1,80296.3409330466,0
180,Male,43,20015.02442448101,2,1,3,1,43595.95252779212,0
181,Male,64,16748.258225906975,3,0,10,0,50629.50692725252,1
182,Male,39,10456.784033440026,2,1,5,0,95678.96212073833,1
183,Female,64,63643.02495436367,4,1,9,0,49751.912843948965,0
184,Male,47,70647.57264869011,1,0,4,1,37665.57209170834,0
185,Male,60,3158.6144825642036,3,1,1,0,68086.66200334622,0
186,Male,65,93621.22462436899,2,1,4,1,56438.291834636104,0
187,Female,34,5197.128365147241,3,1,6,1,91836.62255932522,0
188,Male,43,54129.63353010704,3,1,5,1,42284.050149985116,0
189,Male,53,70906.05194509165,2,1,1,0,120212.49452195737,1
190,Female,18,87096.91237460855,3,1,4,1,138748.02233221664,0
191,Male,25,71408.69321324278,1,1,6,0,119212.22087474333,0
192,Male,66,80172.80830697918,4,0,10,0,93939.24448816731,0
193,Male,52,33945.0192542806,4,1,10,0,133280.1386146662,0
194,Male,69,81482.51137465122,1,1,4,1,113390.2055737809,0
195,Male,32,8011.484638467514,3,1,9,1,31266.13469402278,0
196,Female,64,89481.66560605276,2,1,5,1,77290.81833294037,1
197,Female,39,54759.237615373626,3,1,8,0,132114.227928816,0
198,Female,31,81729.77699624938,1,0,9,1,71503.06295703232,0
199,Male,43,45231.82845183001,3,1,10,1,34225.82082306282,1
200,Male,45,64357.769519652495,4,1,5,1,119541.55662627268,0
201,Male,40,52640.266093611324,3,1,6,1,126244.59243394423,0
202,Female,31,73158.95217553318,1,0,1,1,49271.24340519703,0
203,Male,41,8162.998203058957,4,0,7,0,94480.85962118173,0
204,Male,19,6035.20839905638,3,1,4,0,53034.65267948709,0
205,Female,62,24710.323401014644,3,1,2,0,116308.13028529761,0
206,Male,43,15954.468011318833,4,1,5,0,62586.05462129828,1
207,Female,31,87178.35665922017,2,1,3,1,67945.81470759961,0
208,Female,68,21921.398735804432,4,1,6,0,131396.50243681215,0
209,Female,24,97586.52558191313,2,1,8,1,87158.68226482853,0
210,Male,20,33689.57917711068,1,1,7,0,110370.53414618973,0
211,Male,64,18211.79156886993,1,1,3,0,78284.76608669612,0
212,Male,40,78969.8507142479,4,0,8,0,65760.82286325065,0
213,Male,63,65870.77755008762,4,1,2,1,105057.36725095936,0
214,Male,60,49819.571645313896,1,0,10,1,48582.90888945856,0
215,Male,64,55536.35509376312,2,1,9,0,74759.98026802356,1
216,Male,62,71920.17782722638,1,1,4,1,55084.44448631068,0
217,Female,35,22845.474133129872,4,0,1,0,113495.39603288946,0
218,Male,55,99633.39160567419,1,1,8,0,143305.06060153292,1
219,Female,52,97479.31621467831,4,1,7,0,149461.31616190396,0
220,Male,68,65032.568634693685,4,1,5,1,84033.21725299089,0
221,Male,32,19954.245092914512,1,1,10,0,60303.64675637334,1
222,Male,42,68022.82424312913,2,0,5,0,83139.52444611888,0
223,Female,54,7219.840897917585,3,1,7,0,131672.32919552687,0
224,Female,45,3065.2502205806063,1,1,5,1,54720.68142624479,0
225,Female,27,25768.288851121368,3,1,8,0,144251.47819835084,0
226,Female,56,46262.29567393163,1,1,6,1,71023.89225577812,0
227,Male,34,86827.25054083805,3,1,5,0,148296.4391340366,0
228,Female,56,72716.9069766308,2,1,9,1,130633.06650407547,0
229,Male,39,74270.6521199981,2,1,2,0,127028.46409768684,0
230,Male,43,42549.33344480753,1,1,1,0,68148.56085279403,0
231,Female,61,34593.49925469629,4,1,8,1,31053.265433751534,0
232,Female,42,37103.87629846027,3,1,3,1,75855.94905911855,1
233,Female,34,98764.95637360579,4,1,7,0,66217.12435952324,0
234,Female,30,4010.9191412482483,4,1,10,1,34487.63884905568,1
235,Female,37,86703.14961224486,4,1,8,0,90643.83078071156,0
236,Female,42,57867.54085723934,2,1,6,0,78363.75735392839,0
237,Female,21,43861.54191895905,1,0,10,0,106146.77612898297,0
238,Female,27,72525.76604151365,1,1,9,1,104542.35866328998,0
239,Male,20,48666.894142470286,2,0,7,0,44489.59630760161,0
240,Female,58,87342.32380816605,2,1,10,1,147235.8655351947,0
241,Female,62,90070.18640112586,1,1,5,0,52431.77153297363,0
242,Male,35,42172.09268734554,4,0,8,1,83432.88297176454,0
243,Female,64,27682.77972350516,3,0,2,1,88574.10521204819,0
244,Male,53,59235.03285933622,3,0,7,0,127567.53566569442,0
245,Male,64,91236.3345616691,3,1,4,1,41907.55153135761,0
246,Female,39,21066.21890056666,4,1,9,0,81437.3135050238,0
247,Male,51,62296.65835634828,1,1,1,0,105420.26042834447,0
248,Male,64,63156.022009252054,2,1,7,0,55818.67459488667,0
249,Male,25,73311.3022415281,1,1,6,0,105296.14785192873,0
250,Male,57,13156.768512725981,4,1,8,0,140839.7805059583,1
251,Female,66,71582.49646820886,2,1,5,1,149702.175740721,0
252,Male,61,90903.2520665641,4,1,1,0,33894.12921488108,0
253,Female,36,17968.310887024196,3,1,1,1,58270.5873893613,0
254,Male,59,23754.332492387763,3,1,9,1,67236.8538950037,1
255,Male,58,97139.50940416395,4,1,10,0,77895.13205339594,0
256,Male,54,18097.695270948978,2,1,6,1,59070.858910172086,1
257,Male,23,85438.50933695791,2,1,10,0,54418.5593466375,0
258,Female,69,49227.78564480348,1,1,5,1,144546.4610901,0
259,Female,43,24723.107440317704,3,1,1,1,140222.59233246214,1
260,Male,51,87074.99012725113,1,1,6,1,35639.100120374096,0
261,Male,62,44530.52550026655,1,1,6,0,70657.56259258179,0
262,Female,23,51481.73539296902,4,1,3,1,78617.8264414088,0
263,Male,54,35923.33693997657,4,1,8,0,58681.7441599132,1
264,Male,50,59295.085143492746,1,0,1,1,105464.74763858106,0
265,Male,39,16352.387258502276,3,1,1,1,106845.68959730893,0
266,Female,38,39108.15366517607,4,1,6,1,132060.50739943166,0
267,Female,23,96941.23223352875,1,1,10,1,118904.31220622614,0
268,Female,23,25813.343270112753,1,0,1,0,95108.79923591467,1
269,Male,65,65673.66645412923,1,0,6,0,108430.41240533038,0
270,Male,21,32519.006422469487,1,1,1,1,62878.65378516217,0
271,Female,47,77347.31256866007,1,1,6,1,101166.74279608292,1
272,Female,28,13087.366071834982,1,1,3,0,88707.2705699903,0
273,Female,47,96982.10450785447,4,1,8,0,46001.33607796445,0
274,Female,48,45378.95413836392,3,1,6,0,59105.31318995649,0
275,Male,41,23605.046334646395,1,1,1,0,65003.21408659033,0
276,Female,26,7349.674733001266,2,1,5,1,140917.14804630697,0
277,Male,20,16975.790508754075,4,1,8,1,57646.39672630673,0
278,Female,68,51977.394855601764,4,1,3,0,64709.268338360176,0
279,Male,48,33700.31764312863,1,0,6,0,74322.49561073187,0
280,Female,57,82888.33658826095,4,1,5,0,109649.12863504644,1
281,Female,54,43088.7523661806,1,1,6,0,44188.607096656866,0
282,Female,53,24871.42725876299,3,1,10,0,144473.42549925312,0
283,Female,41,61714.498660403005,3,1,1,0,133868.54641137173,0
284,Male,48,70677.72168854458,4,0,7,1,99265.92876107401,1
285,Female,23,16704.190790094985,4,0,9,1,110884.54409099481,0
286,Male,19,16761.921628831766,2,1,2,1,31999.25654930592,0
287,Male,37,3667.142693354297,4,0,10,0,70673.37304181384,0
288,Male,45,73640.20150656404,2,1,5,0,125479.22767937304,0
289,Male,28,66380.4527621805,3,1,10,0,39297.956855086304,0
290,Female,21,47463.087574981386,3,0,4,1,63877.66010528643,0
291,Male,32,84417.04489691972,1,1,6,0,100235.61940011736,0
292,Male,23,80567.01529500532,3,1,6,0,60769.56332387302,1
293,Male,66,58535.43643967521,2,1,2,1,142077.3568973423,0
294,Female,47,86827.12805132587,4,1,2,0,45727.035696514846,0
295,Female,55,20584.121003676824,1,1,4,1,125687.32294893343,0
296,Female,68,11191.961939772787,2,0,1,1,90953.84302876898,0
297,Female,19,26974.96115169896,4,1,9,0,120039.69309839472,0
298,Male,32,5708.685608931485,1,1,7,1,67285.8393973737,0
299,Male,28,53116.9528001032,3,1,7,0,91738.75227744466,0
300,Female,25,93660.56922949615,2,1,3,1,132820.24196678115,0
301,Male,43,3934.3540668509645,4,1,3,0,86025.37189477253,0
302,Male,68,12210.99140100268,1,1,1,1,73166.38342923234,0
303,Male,62,45219.902828343525,1,1,3,0,94338.64635032833,0
304,Female,61,93387.50175279049,3,1,3,1,116083.53036436402,0
305,Female,22,31615.61049767505,4,1,4,1,83227.60145982032,0
306,Male,23,50723.480868839244,3,1,4,1,142665.23701707274,0
307,Female,43,4157.28590503921,3,1,3,0,65393.49888508105,0
308,Female,21,14834.320096208887,4,0,10,0,87055.63274029444,1
309,Female,36,98663.01229588469,4,1,8,1,120831.31912097297,0
310,Female,37,96511.86964360456,4,1,8,0,112694.53085949099,0
311,Female,50,493.99809344096155,2,1,1,1,133636.92629005873,0
312,Male,37,95181.17854232389,4,1,7,0,149617.10168173307,0
313,Female,66,63911.99378155004,1,1,2,1,81222.99945541075,0
314,Male,29,86791.82945200222,3,1,1,0,43338.10557399742,1
315,Male,64,45473.98556338591,2,1,3,1,33649.90569695616,0
316,Female,18,51559.60285792503,4,1,4,1,117225.2287367726,1
317,Male,43,48884.65802569202,2,0,6,1,134881.64055704587,1
318,Male,31,66686.42575461043,4,1,10,1,56485.51031333024,0
319,Male,55,13965.12547563129,2,1,5,0,49013.76446278872,0
320,Female,54,2997.3589872677953,3,0,4,1,37464.610983082915,0
321,Female,28,30792.99415911909,3,1,8,0,128724.35060606476,0
322,Male,53,70468.07627366467,1,1,4,0,67365.83278711012,1
323,Female,30,20185.345212294837,1,1,10,1,78203.62713117318,0
324,Female,60,67343.24333249174,4,0,2,0,90330.02299315349,1
325,Female,20,96991.20461072704,3,1,3,0,130734.38810514609,0
326,Female,50,9390.07157894184,2,1,6,0,108099.9865873782,1
327,Male,23,67260.21182251263,2,1,8,1,103807.75558293736,1
328,Male,67,44375.021930457115,2,1,8,0,51080.65199470929,0
329,Female,27,86814.22543775053,1,1,9,0,91582.78700517956,0
330,Female,22,17714.978944738592,2,0,7,1,115845.72206143863,0
331,Male,40,69262.59522261645,1,1,2,1,146791.30596365902,1
332,Male,27,83811.52896481102,1,1,8,0,54168.75710560227,1
333,Female,61,94461.42194740233,4,1,7,1,31145.2023680672,0
334,Male,19,68324.80282896459,2,1,8,0,39036.17203181637,0
335,Female,30,49717.47640084273,2,1,3,0,75102.2958218375,0
336,Female,57,61784.724020121386,3,1,7,0,128465.35772951845,1
337,Male,19,86890.49844787183,4,1,10,1,30857.049812189405,0
338,Male,37,57060.97466388297,3,1,9,0,84807.67114630083,1
339,Female,18,3038.705969683686,4,1,3,1,69507.67384096734,0
340,Female,54,93094.86955069778,2,1,10,1,36297.80521196731,0
341,Male,26,68952.67510315611,1,1,6,0,84028.35440071407,0
342,Female,34,67651.33857772464,1,1,2,1,60569.844880406265,0
343,Male,26,21567.515239771717,1,1,2,1,72226.18012164078,0
344,Female,28,65888.54702326572,1,1,5,1,114673.83657411516,0
345,Male,32,39386.44056541585,1,0,5,1,92586.11806931606,0
346,Male,41,65123.297704149205,3,1,7,1,44957.691479137604,0
347,Male,55,10659.303030799072,4,1,2,0,145369.7448508367,0
348,Female,52,65784.5304603036,2,1,7,1,106309.2918851686,0
349,Female,47,99941.37257706665,3,1,5,0,121904.21107950379,1
350,Male,48,4821.203886055603,4,1,6,0,39505.5780010045,0
351,Female,66,97717.41842213173,1,1,8,0,35647.00553520227,1
352,Male,22,40690.79607228706,4,1,10,0,32333.76604416974,0
353,Male,61,87075.34503372591,4,1,4,0,52655.283332813335,0
354,Female,67,78238.54840582734,1,1,7,0,79729.00772621942,0
355,Female,31,56701.62609866678,1,1,6,1,142299.13600833874,0
356,Male,28,73844.92092513265,1,0,10,1,84847.15911189315,0
357,Female,26,87851.55613013479,2,1,2,1,64830.61264470353,0
358,Female,51,40414.0321651033,1,1,8,0,97432.2304223596,0
359,Male,29,32703.31615632387,2,1,10,1,43432.14937617471,0
360,Male,52,66759.33855635847,1,0,9,1,103140.70692059798,0
361,Female,52,80784.59419412586,2,1,5,1,98211.83451966039,0
362,Male,18,76228.51347766157,4,0,10,0,125039.16400868517,0
363,Male,57,79781.36488586346,3,1,4,1,148402.5133940429,0
364,Female,39,43558.3314812933,4,1,6,0,60104.81660593326,0
365,Male,46,81783.42161750216,4,1,8,1,91158.77409645128,0
366,Male,25,12020.905537060844,1,1,3,0,139063.84875828045,0
367,Female,28,54448.909796084954,2,1,10,0,124222.78613074096,1
368,Female,58,575.866049812157,3,1,1,0,88488.75637209692,1
369,Male,54,32458.58299002703,1,1,4,1,143444.59795377334,0
370,Male,31,36646.15348713979,1,1,4,1,36868.40322201713,0
371,Female,47,39617.26916092554,1,0,1,0,141719.8343655101,0
372,Female,52,69546.72066898622,4,1,9,1,36060.88708593679,0
373,Female,38,38855.81012703457,2,1,3,0,95676.56929376212,0
374,Female,54,44869.36226225307,2,1,5,0,136852.9137601303,0
375,Male,22,23754.413087432746,3,0,6,1,61526.513227356336,0
376,Female,36,37325.17916293401,2,1,8,1,86669.81987341902,0
377,Female,31,22726.96272631515,2,1,6,1,68919.465496436,0
378,Male,43,7319.592376844364,1,1,3,0,144257.27004916215,0
379,Female,21,60344.859338137794,1,0,6,0,128837.4713703709,0
380,Male,42,66821.27985550162,4,1,1,1,115080.18135916555,0
381,Female,62,61949.03460096145,1,0,4,0,100515.23839381305,0
382,Female,59,46349.40438005723,1,1,6,1,128471.01471889777,0
383,Female,42,37978.578017922984,1,1,7,0,77072.04498282564,0
384,Male,35,86333.36495718252,1,1,10,1,83706.22261272743,0
385,Male,57,51908.1785136218,4,1,3,1,117600.20652970338,0
386,Female,25,47918.187762973095,1,1,9,0,72930.57159524571,1
387,Male,56,2564.206580643569,3,1,7,1,37668.11304580486,0
388,Male,57,34124.782762615636,3,1,1,1,38920.153066328574,1
389,Male,31,38019.56187858571,3,1,2,0,43843.536156684466,0
390,Male,49,39882.27808969005,3,1,1,1,134361.75880123954,0
391,Male,68,58017.23692273323,1,1,9,0,86667.17109074452,0
392,Male,55,53360.25467268784,3,0,9,1,115545.88432136837,0
393,Female,50,60790.509279344464,1,1,7,0,77149.1202725872,0
394,Female,40,76488.32615421283,4,0,10,1,61045.313689876144,0
395,Male,32,81298.57387160935,3,1,3,1,71663.06010746543,0
396,Female,50,71812.30762264944,2,1,5,1,125301.88143806203,1
397,Female,42,95552.36959549347,3,1,4,1,105025.93500377258,0
398,Female,34,1823.258267636163,3,1,7,0,142516.77359494823,0
399,Female,50,19577.79856835461,1,1,9,0,111564.57342922008,0
400,Male,64,756.287497814212,3,1,2,0,98421.79581056327,0
401,Female,19,64747.4714154603,2,1,8,0,103223.52107830014,1
402,Female,31,89803.05489499868,1,1,9,0,143084.57273620975,1
403,Male,57,24348.229657629927,1,0,10,0,124584.11158400473,1
404,Male,57,92703.45447963066,4,1,10,0,32884.94848397254,0
405,Female,68,6026.739028956085,4,1,9,1,94096.76353628366,0
406,Female,56,93443.60268055143,3,1,10,1,112600.60938558778,0
407,Female,68,35162.26872396344,4,1,7,1,119843.81741269861,1
408,Female,23,10142.082844921651,4,1,9,1,55577.0543176724,0
409,Female,23,48587.175918632565,4,0,9,0,134061.28253416228,0
410,Female,20,25677.656772050796,1,1,3,0,144701.17766101964,0
411,Male,24,28487.290196192283,1,1,4,0,58405.836701384374,0
412,Female,68,30728.996492628656,1,1,2,1,135913.8549020695,0
413,Female,25,80302.58978326635,4,1,10,0,41637.45150193144,0
414,Male,59,53916.12766752545,1,1,3,1,36684.820333829426,1
415,Male,69,31130.769915600365,4,0,5,0,45506.856012329925,1
416,Male,32,61033.37833109184,1,1,5,0,36928.92953604432,0
417,Male,64,71615.06742231935,1,1,6,0,131401.46845869313,0
418,Female,46,27262.400073353376,2,0,7,0,37086.01733499263,1
419,Female,50,41354.91015253515,3,1,7,1,62599.70296363866,1
420,Female,69,12188.609333694756,4,1,1,1,42450.76122430277,0
421,Female,47,18114.934953468033,2,1,2,0,65450.64435765179,0
422,Female,56,68111.78539649828,1,1,9,1,40867.13611211046,0
423,Female,44,18143.834769562694,4,0,10,0,110160.39008916168,1
424,Male,53,52516.33836670602,1,1,2,0,45999.21796110902,0
425,Female,46,70904.62617224327,3,0,6,0,132221.51110066654,0
426,Male,55,10687.692309474383,2,1,1,0,128062.92608719692,0
427,Male,50,56731.221962890355,3,0,3,1,31639.40225647313,1
428,Female,54,25656.278370136377,2,1,2,0,137487.16266181375,0
429,Male,44,96292.68752375798,1,1,3,0,33473.31800920405,0
430,Female,50,48354.56467199247,3,1,5,1,58757.494194906794,0
431,Male,21,80599.25497751581,3,1,10,0,33886.69653311941,0
432,Female,39,55022.65421562618,1,1,6,1,70301.21844471792,0
433,Male,19,4341.2532854819165,3,1,9,0,91663.9830855926,0
434,Female,27,63315.13755940223,4,1,10,0,125597.38428181657,0
435,Female,22,95140.3342206657,2,1,4,0,70557.78605638034,1
436,Female,27,60161.182014633116,2,1,7,0,114658.802960774,0
437,Female,50,81918.88594267901,2,1,6,0,52500.53485427764,0
438,Female,55,88420.64633484079,4,1,2,0,120071.81480929517,0
439,Male,30,22807.977194893247,2,1,10,1,58319.5927091085,0
440,Male,48,21204.483990822664,1,1,8,0,47225.37071325215,0
441,Male,64,61098.09888509917,3,1,7,1,52249.062044886516,1
442,Female,53,41102.846980670474,4,0,7,1,51847.57546582265,0
443,Male,62,83986.13028667204,2,0,8,0,91543.54552523894,0
444,Female,41,90002.31233980112,1,1,1,1,131375.7097425775,1
445,Female,69,35342.13793027181,3,1,1,0,39552.609239100675,0
446,Male,32,23687.055897448205,3,0,8,1,114834.75821921072,1
447,Male,46,78052.55152438619,4,1,4,0,108521.57515834292,0
448,Female,25,27480.60355481361,4,1,5,1,134702.39421952347,0
449,Male,22,82261.43185136784,4,1,8,1,59297.707260828865,0
450,Female,46,42373.825364876284,1,1,5,0,84013.18304220356,0
451,Female,64,66754.98992914705,1,0,10,1,141099.28493322208,0
452,Female,21,9553.531383466818,4,1,4,0,109199.21401623807,0
453,Female,29,62385.9324676573,2,1,6,0,76652.20954339163,0
454,Female,62,45176.767873722914,3,1,5,0,45769.485942632215,1
455,Male,19,58660.84631754741,3,1,7,0,61498.200948070924,0
456,Male,44,16801.42077448634,1,1,10,0,99745.857298726,1
457,Female,48,73687.37449441821,3,1,7,1,116180.15370726165,0
458,Female,68,86279.70775432285,2,1,4,1,44930.626422227215,0
459,Male,68,21673.980009077564,3,1,5,1,101951.67120528648,0
460,Male,53,9571.455552016172,1,1,3,0,96042.15346065012,0
461,Female,53,2363.8586046336395,1,1,4,1,91674.65360288497,1
462,Male,43,64197.1500443266,2,0,4,1,112814.77412184095,0
463,Female,60,60709.40360887808,2,0,3,1,130493.95141001542,0
464,Male,44,54669.741271407,3,1,10,1,68758.7619812242,0
465,Female,22,23194.70961159754,3,1,5,1,136681.46281331513,0
466,Male,37,39090.599590551465,1,1,5,0,49276.03351422609,0
467,Female,28,59447.6335186173,2,1,7,0,50762.86437013972,0
468,Male,27,49676.68588591694,2,1,4,1,62012.64763487087,0
469,Male,57,98778.55202148874,2,1,4,0,44343.70434564934,0
470,Female,55,13643.975255673313,3,1,9,0,57638.30696194531,0
471,Male,23,69514.45540475938,2,1,6,1,42769.41154834135,0
472,Female,25,40431.87681042921,1,0,4,1,128610.29003824685,0
473,Male,40,42819.96149256147,1,1,2,0,46676.27902639495,1
474,Female,64,71759.77656581762,3,1,6,1,119675.70690718282,0
475,Male,43,69243.61513243697,4,1,2,0,35749.66414960005,0
476,Female,63,99125.59937021883,3,1,5,0,143822.43930166983,0
477,Male,60,12839.428945412523,4,1,6,1,115339.21050333194,0
478,Female,29,10410.964938416633,2,1,4,0,30815.585830333413,1
479,Male,43,72433.88171287412,3,0,3,0,121662.78002402568,0
480,Female,30,57838.69170064091,1,1,7,0,91689.83049194224,0
481,Female,57,27416.066655980587,2,1,2,1,123523.82044021437,0
482,Female,35,7941.936898898661,1,0,6,1,92699.61706687062,0
483,Male,42,8565.824959643054,2,0,4,1,106922.98291624256,0
484,Female,50,89419.08746641183,3,1,6,1,124359.79864740485,0
485,Male,64,19186.73247187429,4,0,4,0,78612.9665505428,0
486,Female,57,32337.156211552076,2,1,4,1,30324.97797845425,0
487,Male,60,22665.640222698803,4,1,4,1,131993.57951342262,0
488,Female,29,35499.63058319373,2,1,9,1,75706.8435149595,0
489,Male,61,6942.384274609337,1,1,7,1,89525.12712198996,0
490,Male,53,51905.97909082704,1,1,3,0,30931.997058476245,0
491,Female,65,6761.25635922149,2,1,3,0,89051.04124201176,0
492,Male,21,80035.65078223616,4,0,6,0,148378.48818860756,0
493,Male,22,23371.2081910433,3,1,6,1,63392.11929825236,0
494,Female,54,54001.19146045106,3,1,4,1,77450.19242908538,0
495,Male,25,88007.90875614583,1,1,9,0,112462.79957624119,1
496,Male,59,65087.736904719415,3,1,4,1,127775.24010283904,1
497,Male,66,53295.77865513353,1,1,9,1,80086.99488073203,0
498,Female,45,32433.37531153756,3,0,4,0,67160.2644481551,0
499,Male,48,33300.19130581979,2,0,2,0,142539.09599820804,0
500,Female,26,66948.69551981901,1,1,2,1,111257.3960006003,0
501,Male,68,99413.93612211675,1,1,5,1,44282.55653917693,0
502,Male,46,66183.91898493786,2,0,4,1,38271.345376157835,0
503,Male,31,55778.34173700249,1,1,7,0,88025.98209484428,1
504,Female,57,73065.0510239246,3,1,5,0,56410.80792567269,0
505,Male,58,46520.561228371815,3,1,6,0,60478.17040515042,0
506,Male,39,6014.234260078521,1,1,10,0,135323.06145934178,0
507,Female,28,56229.68158779098,3,0,4,1,40747.92291795728,0
508,Male,40,95762.52845053803,4,1,2,0,115843.69382746676,0
509,Female,18,17530.294235765963,1,1,10,0,62537.07040567057,0
510,Female,63,69000.48908206658,2,1,9,1,121239.38656849653,0
511,Male,54,20093.368865905646,4,1,10,1,116689.36613562534,0
512,Female,38,53582.768447308124,1,0,7,1,30887.028173315164,0
513,Male,43,9667.644964671961,2,1,4,0,91096.24955059189,0
514,Female,63,45037.09362581852,3,1,3,1,46718.33788536556,0
515,Female,53,75616.33288952461,2,1,10,1,133947.2436694412,0
516,Male,40,34757.15242389821,4,1,3,0,134590.30594348878,0
517,Female,18,66491.1724487218,3,1,9,0,80201.49689925097,1
518,Female,68,79544.99607897292,1,1,5,1,83327.47421412967,0
519,Female,57,92717.78194794526,3,1,3,0,66393.95272854326,1
520,Female,32,23464.208185545354,1,1,5,1,115992.75587520373,1
521,Female,38,39931.59158093081,1,1,2,1,73039.3635631751,0
522,Male,64,15241.601333041743,2,1,4,0,62135.09694271605,0
523,Female,26,99248.35021583752,2,1,10,1,81867.72714054098,1
524,Male,26,92700.09679242953,2,0,2,0,40978.502206495046,0
525,Female,27,53995.71302805596,4,1,2,0,119592.38455730445,0
526,Male,69,84203.32943764213,4,1,8,0,31511.568152614436,1
527,Male,43,52095.79772720422,2,1,1,1,107338.20738247127,0
528,Female,58,62358.56880027597,4,1,7,0,51943.74321058469,0
529,Female,52,8912.443211601661,3,1,5,0,57888.48554572958,0
530,Female,69,75527.0420496808,3,1,8,1,106275.8398368048,0
531,Male,42,12771.348363523482,4,1,1,1,149153.21589394886,0
532,Female,43,82606.76302525283,4,1,7,1,123326.09868870609,0
533,Male,28,78202.80876703859,3,1,5,1,57100.75586680704,0
534,Male,55,70874.46977429764,1,1,4,0,51122.970604936054,0
535,Male,19,3616.0380524762113,3,1,7,0,133947.94443212045,0
536,Female,24,30312.835594532862,3,1,10,0,83302.07375058052,0
537,Female,35,26311.256991084287,4,1,2,1,46446.33633937866,0
538,Male,44,36013.64074715191,3,1,1,1,133465.37079863256,0
539,Male,51,8764.274676383855,4,1,1,0,127931.08234971137,0
540,Female,44,93695.78230310627,4,1,1,1,148068.76366765963,0
541,Male,34,55380.22407123763,2,1,5,1,139169.24240552206,1
542,Female,60,30552.431065802353,3,0,10,0,132214.840639265,0
543,Male,61,39698.15170742834,1,1,7,0,36308.92773732038,0
544,Female,68,44720.25405048356,2,1,2,1,42529.844339774165,0
545,Male,41,60059.43333606173,4,1,10,1,98277.98331649473,1
546,Female,42,51567.94276964978,4,0,8,1,93777.5095538185,0
547,Male,24,91939.19732144174,1,1,4,0,84955.58573874427,0
548,Female,69,49696.348290583024,4,1,3,0,77614.7190497501,0
549,Female,23,99215.80148233127,3,0,10,0,81745.25818371947,0
550,Male,41,85142.49577450957,2,1,8,0,98315.75209617543,0
551,Male,50,20851.05143573358,4,1,2,0,30249.182112009745,0
552,Female,66,93059.52146439163,4,0,3,1,61285.052895942266,0
553,Male,46,11636.639788547609,1,1,3,1,92193.56648264533,1
554,Female,60,81744.97084911916,3,1,10,1,116665.93184083754,0
555,Male,39,38062.32934765801,4,1,1,0,50898.80308744756,0
556,Female,43,87797.43204450695,1,1,6,0,95625.74085449196,0
557,Female,45,86805.66901074504,4,0,2,0,115735.16206629381,1
558,Female,67,80592.54001176212,1,0,1,1,83355.31894966855,0
559,Female,38,79003.04363070613,1,0,2,0,33249.736040406126,1
560,Female,66,30467.91390980408,3,0,6,0,83912.1790158764,1
561,Female,24,8091.928305125218,4,1,4,1,65573.38652929838,0
562,Male,34,40298.01787651615,3,1,6,0,141557.9529241594,0
563,Male,37,17352.451498650866,1,1,9,1,44953.60628139928,0
564,Male,58,69495.10889024618,2,1,10,0,108297.11466086785,0
565,Female,66,34609.972653778554,4,0,10,0,36326.37196014014,0
566,Female,37,97561.02008599149,2,1,8,1,83540.45253752358,0
567,Female,39,64097.2077345332,4,1,1,1,96477.53846640968,1
568,Female,45,82248.05636343609,3,1,8,1,65754.59175802386,0
569,Male,57,13252.467274184843,3,1,9,1,84609.07626244613,1
570,Male,66,86201.44822726226,3,1,6,1,49626.45534362248,0
571,Female,24,92275.71905133943,3,1,10,1,66494.86193616435,0
572,Male,18,48706.19188189359,3,1,5,0,104532.75898922436,1
573,Male,49,60625.29377509774,2,1,6,0,66216.00670333861,0
574,Female,30,76480.98009029955,3,1,6,1,137969.1694090646,0
575,Male,47,17483.862726041254,1,1,9,0,105408.83491691877,0
576,Female,40,50256.607646344244,1,1,4,1,82637.88221231813,0
577,Male,68,39866.30277723131,2,1,2,0,34650.83226650189,0
578,Female,36,14637.39921622491,4,1,9,1,89945.80022456055,0
579,Female,49,36753.442229153145,1,1,2,0,121773.14905501071,0
580,Female,47,6817.230938549357,4,1,10,0,61866.91176148964,1
581,Female,46,2581.1906949486984,2,1,9,0,126812.82835785208,0
582,Male,66,13516.628915482275,4,1,2,0,60216.81192610577,1
583,Female,62,96311.51115891739,4,0,8,0,128849.56655409606,0
584,Female,46,54952.953589501696,4,1,9,1,40232.20099340129,0
585,Female,47,96582.216115322,4,1,10,1,133942.04506428353,0
586,Male,33,43249.7878330132,2,1,9,1,89902.37411199966,0
587,Female,57,31181.613308525957,1,0,10,0,65584.51075443144,1
588,Male,36,50614.18628402441,3,1,9,1,61813.59004981785,0
589,Female,35,43951.168863291015,4,1,2,0,81841.26707164352,0
590,Male,18,10566.468426174391,1,1,4,0,149885.93977243738,0
591,Male,31,64082.63146902062,1,1,7,0,56439.28721250991,0
592,Female,68,21603.81825095996,2,1,2,1,42385.997865479956,1
593,Male,64,61958.795489782955,1,1,1,0,100204.22024623943,1
594,Female,67,65020.10923981534,2,1,3,1,88625.09597283085,0
595,Female,19,15202.48531286481,4,0,4,1,92903.55252759688,0
596,Female,45,6134.962711066816,4,1,8,0,110032.25010686605,0
597,Male,66,78076.15860684398,3,0,6,0,62057.28838447791,0
598,Male,67,45980.04237693202,3,1,2,1,139279.7994460666,1
599,Female,47,5816.379550547579,3,1,9,1,82280.64793467484,0
600,Female,55,99486.63171697671,1,0,2,1,45490.34341709541,0
601,Male,68,5778.056099636664,4,0,5,1,119075.85080807332,0
602,Female,21,69503.52288585532,2,0,4,1,107172.52231414203,1
603,Female,18,98367.89252634135,3,1,7,1,67889.20829808444,0
604,Female,25,23918.01042159256,2,1,8,0,104582.24688408582,0
605,Male,46,14224.936868719618,2,1,5,1,56383.434764277226,0
606,Male,56,12138.493942242889,3,0,10,1,83380.72312086355,0
607,Male,20,30327.514756759556,4,0,5,1,137929.50266007904,0
608,Female,49,10104.581101064668,3,0,2,1,46024.107979289925,0
609,Female,27,69216.13416941318,2,0,8,0,76403.57399849544,0
610,Female,27,6229.179813006269,3,1,2,0,128537.09096644167,0
611,Male,36,50942.21281497897,2,1,10,1,146338.90792874136,0
612,Female,63,99669.68538529768,2,1,6,1,84471.13637061551,0
613,Female,51,81397.02695060188,3,0,8,1,90839.95441720169,0
614,Female,50,61521.943823101086,1,1,6,0,98660.63541405236,0
615,Female,40,30625.36207866117,3,1,4,0,141881.77699604532,0
616,Male,45,62389.58362916385,1,1,4,0,132984.81491724358,0
617,Male,49,52704.146391165166,2,1,6,0,50472.13495459732,1
618,Female,67,42608.33838903715,2,0,4,0,82410.938141649,0
619,Male,24,13071.037674019948,1,1,8,0,85680.05138357115,0
620,Male,46,88660.42152404667,2,1,9,1,124691.5333978508,0
621,Female,25,44978.464882132255,1,1,1,0,102347.14591265224,0
622,Female,18,19462.251182076507,1,1,4,0,108506.45544348155,0
623,Male,20,36775.93508772896,2,1,4,1,149783.98891987413,1
624,Female,41,41412.975252892706,4,1,2,0,38995.20521640157,0
625,Male,40,82753.78955668744,1,1,6,1,56761.17882404796,0
626,Female,25,73361.4380561402,3,1,3,0,78947.51248458562,0
627,Male,64,76930.48936413399,3,1,7,1,71733.88836586647,0
628,Female,54,1103.1264428647214,2,1,5,1,32597.46736163803,0
629,Male,20,41615.39981797615,4,1,4,1,41013.3127765411,0
630,Male,68,48134.415163532365,2,0,5,1,111714.39496842914,0
631,Male,50,1919.2276823056686,4,1,8,1,135518.93560350727,0
632,Female,45,25981.32087450342,1,1,3,0,91707.24135191731,1
633,Male,64,76028.9823122135,1,1,7,0,94702.92954163597,1
634,Male,25,13710.970572899905,1,1,6,1,60611.21193988553,0
635,Female,51,53531.01314525917,1,1,1,1,122145.16363604537,0
636,Female,52,21520.18720172375,3,0,7,1,120215.35048407076,1
637,Male,49,1212.0774643893274,3,1,7,0,100603.88270611879,0
638,Male,41,24120.145759954146,2,0,1,1,55519.71438136114,0
639,Female,31,97587.37549100538,4,1,9,1,41642.18618845074,1
640,Female,49,80153.71118829896,1,0,6,1,37708.629102855106,1
641,Female,63,95957.66443210334,1,1,2,1,101123.52799714533,0
642,Female,60,48785.40439263624,4,1,5,0,129004.238297136,0
643,Female,33,10973.61986775035,4,1,4,1,132999.65181371098,0
644,Male,21,54795.94889736929,2,1,7,1,85634.64892121399,0
645,Female,69,45437.73345599609,4,1,8,0,124112.55591680603,0
646,Male,54,84435.7082739616,1,1,1,1,143625.62356092283,0
647,Male,38,9808.258078424458,1,1,5,1,63020.41349856816,0
648,Male,31,48824.11370217782,1,0,3,0,77755.24156569087,0
649,Female,48,15004.866469398426,1,1,1,0,141777.4791116017,0
650,Male,65,32467.592689005996,1,0,3,0,70587.71607807418,0
651,Male,35,73735.70773877997,2,1,6,1,139665.15483861556,0
652,Female,24,47601.81293687665,1,1,7,1,147725.3834705359,0
653,Male,27,37588.82851457693,2,1,8,0,109417.28742893097,1
654,Male,24,39447.62785700353,1,1,4,0,128026.8347405002,0
655,Female,50,45944.676840598666,3,1,3,0,119945.46770653022,0
656,Male,40,78501.65438370568,3,0,5,1,113944.11091386285,1
657,Male,38,89208.46889402343,3,1,9,1,66831.72875774791,0
658,Male,36,95533.46865039282,3,1,6,0,36851.32054895325,0
659,Female,65,78690.3386255295,2,1,9,1,71166.20790235807,1
660,Female,36,31540.689574801272,2,1,6,0,110032.31822446879,0
661,Female,53,68813.47060865421,4,1,2,1,42303.503787336165,0
662,Male,46,43760.31240553919,1,1,5,1,31430.157957389052,0
663,Male,35,25467.062204605118,3,1,9,1,46763.08471235264,0
664,Female,19,84087.15794259227,2,1,8,1,115888.31116929544,1
665,Male,18,3842.6348962324996,1,1,7,0,146735.2441987733,1
666,Male,64,90176.19921354235,1,0,1,1,147967.76395377846,0
667,Female,22,46147.74646247341,2,1,4,1,89277.49789682255,0
668,Female,37,63720.14768082804,3,1,7,0,134322.27611908168,0
669,Male,28,65935.39222057827,4,1,7,1,118419.17469018049,0
670,Male,59,89511.77407065364,1,0,6,0,90124.82843815241,0
671,Male,19,63666.96821672073,4,1,8,0,98731.26395461042,0
672,Female,20,61393.35847600618,3,1,6,1,46467.25759402453,0
673,Female,40,6665.204056068997,3,1,10,1,142519.37527399103,0
674,Female,29,51840.80219452041,4,1,3,0,72231.57248781322,0
675,Female,37,15016.900081704165,3,0,4,0,83537.91077486034,0
676,Male,22,73743.37687214855,1,1,3,0,110599.22771974785,0
677,Female,54,51222.19208126745,4,1,1,1,70068.29658318647,0
678,Female,55,68022.77792083533,3,1,10,0,60511.099318671666,0
679,Female,47,4167.290060238427,4,1,5,0,105725.92719242648,0
680,Female,26,8479.201604580321,1,0,1,0,32998.08987382193,0
681,Female,51,71632.33880626822,3,1,1,1,116487.01344320146,0
682,Male,61,7208.433599867337,1,0,2,0,91682.80438518117,1
683,Male,52,7125.67277652586,3,1,4,1,102690.44766251213,0
684,Female,69,1210.847523488745,2,1,6,1,105825.61910962622,0
685,Male,39,95650.139829948,3,1,8,0,93246.01877910765,0
686,Female,61,73750.83594590069,4,1,3,1,99904.05329288832,0
687,Female,41,35325.140850206415,3,1,1,0,112054.58410678495,0
688,Male,34,29653.558128765522,1,1,3,1,120374.2616615609,1
689,Male,27,34970.32297458495,1,1,3,1,117294.28695433446,0
690,Female,47,77465.35311811819,3,1,5,0,134353.9749278714,1
691,Female,63,66137.06110704145,4,1,4,0,52733.21198008833,1
692,Female,40,18519.556786746794,2,0,4,0,78137.7563390157,0
693,Male,49,17410.933533408435,4,1,9,1,143735.52792173484,0
694,Female,34,9839.56497133973,2,1,7,1,77590.86892635957,0
695,Female,67,66030.2719701338,1,1,4,0,44984.40922871072,0
696,Female,68,76437.2662221736,4,1,3,0,93053.41516346156,0
697,Male,34,26504.6428325004,2,1,6,1,43138.916706535456,0
698,Female,31,2094.4961030912814,3,0,3,1,54342.388647343825,0
699,Female,26,8217.166747642734,1,1,6,1,149798.2507885148,0
700,Male,57,96786.00348450305,3,1,9,0,94963.51660753583,0
701,Female,19,29544.477747742025,1,1,6,1,64087.00668485148,0
702,Female,62,76922.31478381336,4,0,4,0,149372.99454886874,0
703,Male,42,62466.35688542638,4,1,5,1,145987.0702266172,0
704,Female,56,38193.96396528959,1,1,6,1,82888.68493011163,0
705,Male,26,20568.726219555512,1,1,3,0,61248.37305454901,0
706,Male,39,12138.641815940642,1,0,8,0,130607.9565710628,1
707,Female,60,61501.29680388666,4,1,4,0,115874.4860366143,0
708,Female,63,77463.3780637788,2,1,8,1,112432.97220042124,0
709,Female,21,64390.42535411307,3,1,10,1,137173.6489586967,0
710,Female,43,53030.21332491583,3,1,10,1,112730.05606455896,0
711,Male,46,4195.122343163626,4,1,3,0,64055.7531649859,0
712,Female,62,96848.87775943837,3,1,10,1,113263.57942508787,0
713,Male,51,79871.41916545745,1,0,7,0,66697.62135403967,0
714,Female,40,29282.203670096475,2,1,9,0,121108.67755883941,0
715,Female,54,97997.03293588506,3,1,4,0,104369.74253898792,0
716,Female,28,60188.15896363221,2,1,8,1,39289.38623817007,0
717,Male,23,58242.26582072465,1,0,3,1,91540.24349221704,0
718,Female,35,74807.31794295322,3,0,7,0,71196.1163034889,0
719,Female,38,81176.97880901376,4,1,3,1,69428.47592787532,1
720,Female,59,65647.86073315027,2,1,7,0,102270.75628527087,0
721,Female,53,12809.574636620002,1,1,10,0,68678.978936331,0
722,Male,58,33826.75059944984,2,1,10,1,123227.24978458472,0
723,Female,55,92808.36403260498,3,1,6,0,38494.97232134093,0
724,Male,51,22461.56118438519,3,1,2,0,109246.59028749906,1
725,Male,34,37216.70238375133,4,1,3,1,127103.37643880895,0
726,Male,54,43207.6882944196,1,1,6,0,110739.8027904516,0
727,Male,42,43940.498969445216,1,1,4,0,89667.50340239948,0
728,Male,55,61293.95824945255,4,0,6,0,144036.84164834174,0
729,Male,29,94307.58377447075,4,1,1,0,65992.61877576762,1
730,Female,40,24069.271183250497,1,1,10,0,32300.146502997333,0
731,Male,59,12150.137630091805,2,1,1,0,81838.7245756129,1
732,Male,39,19747.04898599373,2,1,3,0,33961.43230803927,0
733,Male,38,88692.49002092695,4,1,8,1,144472.41030316905,0
734,Female,44,64581.0812655206,2,1,8,1,55190.16548976618,0
735,Female,48,28590.678923916013,1,1,4,0,124671.24287386554,1
736,Male,23,81594.69389686173,3,1,6,0,122948.64998092379,0
737,Female,44,86136.99963634361,3,1,8,1,56127.46796195202,0
738,Male,57,84651.43386902781,2,1,7,1,104547.18365762007,1
739,Male,51,91892.65336395544,4,0,7,1,35769.476218374024,0
740,Female,29,25224.102017336158,4,0,4,1,88028.9502844641,0
741,Male,62,75504.19287462783,4,1,9,1,31757.65527269841,0
742,Female,24,46053.949727414,4,1,10,0,140537.26562170102,0
743,Female,27,84199.85528900615,4,1,6,1,147130.3229039486,0
744,Male,62,72849.06771616131,2,1,3,1,56673.93199663023,0
745,Male,34,77644.74464997246,3,1,5,1,54972.72415156473,0
746,Female,43,65616.18376810715,3,1,5,0,120446.42118745556,0
747,Male,38,17742.876946970686,2,1,5,0,60405.52785952014,0
748,Male,45,54502.69188969383,4,1,8,0,137409.1870994214,1
749,Male,63,98466.97395245082,2,1,9,0,98871.49633475787,0
750,Female,19,93738.80664971189,3,1,9,0,72093.31476123745,0
751,Female,60,4317.373579701167,1,1,6,0,129923.24956193041,0
752,Male,18,16481.481572943714,2,1,6,1,89208.80404960742,0
753,Female,68,13172.87734545619,4,0,9,0,139395.94964501707,0
754,Female,53,72597.99099852955,3,1,4,0,141361.70840752573,0
755,Female,68,81778.5329856945,3,1,6,1,49850.418255409124,0
756,Female,43,21351.13663106719,3,1,4,0,30278.808735831633,0
757,Female,46,50585.2692951829,3,1,1,1,148071.71281708826,0
758,Male,38,84070.30280112001,4,1,7,1,138736.5043352975,0
759,Male,28,73280.15447662506,1,1,10,0,36653.42828446097,0
760,Male,57,54223.72054918483,3,1,6,1,129964.1116729284,0
761,Female,28,59034.76904587729,2,1,9,1,84936.5919071048,0
762,Female,53,50836.054691628,1,0,7,1,61075.39260299703,1
763,Male,66,29754.84513188206,3,0,7,1,135449.58284123158,0
764,Female,56,56502.19928590161,1,1,2,0,53600.06788683687,0
765,Male,57,68888.53020500907,2,1,9,1,143675.99993040803,0
766,Male,52,87332.29158608077,3,1,10,0,54674.57852392093,0
767,Male,51,63629.13539792481,2,0,9,1,103641.98252744922,0
768,Female,64,76112.1537043158,4,1,6,1,56770.36014347698,0
769,Female,41,16007.1634954573,3,0,3,1,95480.23979623617,0
770,Male,39,46155.74744197899,3,1,1,0,112077.01558981696,0
771,Male,22,933.1619827093295,3,1,4,0,52827.3516984165,0
772,Male,50,24667.886452162304,3,1,3,0,92506.2939240815,0
773,Male,53,72646.17151130049,4,0,1,1,86287.16932681427,0
774,Female,64,99180.99513493634,3,1,3,1,38524.49056840095,0
775,Female,37,9917.809958721591,1,1,4,1,128196.93812103635,0
776,Male,36,40149.43158612883,3,1,8,1,70281.888077141,0
777,Male,52,80007.09686991596,4,1,9,0,98949.86370622554,0
778,Female,69,20403.563462889884,3,1,3,1,91774.10819197612,1
779,Female,60,55508.494930228626,1,1,6,0,91591.26054845308,1
780,Male,34,73307.12960296748,4,1,10,1,42866.687305018495,0
781,Male,62,61598.545026017906,4,1,5,0,80817.84110991993,0
782,Male,60,18802.473461541613,1,1,6,0,84284.01110478843,0
783,Female,51,35538.45686857394,1,1,4,1,118037.14084373383,0
784,Female,26,78379.17844853972,1,1,10,1,130802.25983048382,0
785,Female,43,55422.65141320166,1,0,6,0,95397.87337200216,0
786,Male,19,522.9613542912737,1,0,7,1,40413.95448779886,1
787,Male,26,76099.07600280938,4,1,9,1,58421.93647158555,0
788,Female,26,3531.135494023907,4,1,10,0,49792.083222327725,0
789,Female,57,74573.37827312322,3,1,7,0,44953.80758269497,0
790,Male,34,20248.05601652374,3,1,6,0,73907.91583413692,0
791,Female,18,95807.34801193803,2,1,1,0,57527.22025852585,0
792,Female,42,36794.075130208446,3,1,2,1,56196.373417381474,0
793,Male,60,32693.16163380791,3,1,1,0,36563.18094915212,0
794,Female,57,14888.805033244467,1,0,9,0,32120.405375452065,0
795,Male,59,30560.42154902149,1,1,10,0,42332.189117973816,1
796,Male,42,87665.07618282006,3,0,10,1,50663.69753083597,0
797,Male,56,99633.43376272473,2,0,9,0,81718.04746178437,0
798,Male,52,36830.95305068483,1,1,7,1,91262.43135586136,0
799,Male,20,44861.06309545426,3,1,2,0,46871.03018080387,0
800,Male,67,72207.0938202737,3,1,6,0,80974.00098290236,0
801,Male,54,88619.57804650745,4,1,4,1,71009.86107911127,1
802,Female,61,59304.43341867842,2,1,1,0,52010.83721975473,0
803,Male,61,39152.56981778293,4,1,1,0,30820.889777803626,1
804,Male,68,41262.184084862376,2,0,5,1,86042.143982609,0
805,Female,47,69561.81464968069,1,1,2,0,112278.20991182393,0
806,Female,55,321.82636042786817,2,1,4,0,57153.280097256844,1
807,Female,51,61958.93374598407,3,1,1,0,45816.81958760152,0
808,Male,29,35549.30104413574,3,0,4,0,136445.12933363544,0
809,Female,36,79419.73312770843,2,1,6,1,63002.972698535734,0
810,Male,54,9299.063982313215,2,1,10,0,56833.514375119776,0
811,Male,61,58820.22669483905,2,1,4,1,132851.6327531899,0
812,Male,66,48097.288988612374,4,1,1,0,128052.85190001136,1
813,Male,34,64232.55259052274,2,1,7,1,83801.57646295603,0
814,Female,27,6485.359448296835,1,1,2,0,88708.66337133295,0
815,Female,66,57998.378742813125,4,1,9,1,56129.84458008264,1
816,Male,64,56148.45879595237,4,1,3,0,39396.2004575469,0
817,Male,29,56066.00944161709,2,1,8,1,98811.81904267933,0
818,Male,33,60348.76665964548,1,1,8,1,41801.39059082558,0
819,Female,41,67646.79372263623,4,1,3,0,83912.94563479797,0
820,Male,36,80498.89996807698,3,1,4,1,142859.6638215613,0
821,Male,25,26982.072012821434,4,1,2,0,144340.1267004701,1
822,Female,48,82504.94101800621,2,1,4,0,58719.87438568303,0
823,Female,38,49825.568226345364,1,1,9,0,104893.61040547852,0
824,Male,34,7705.827913433116,2,1,2,0,86889.15169294292,0
825,Female,40,5855.09292439792,3,1,3,0,135082.21531033271,0
826,Female,54,33423.83186960608,3,1,4,1,62571.703713126386,0
827,Male,33,78489.69771114676,3,1,5,0,30444.288819890022,0
828,Female,23,70768.09347409157,2,1,1,0,49507.34471176981,0
829,Male,25,78861.49646724065,4,1,7,0,71942.73614032776,1
830,Female,42,51726.905644160935,2,1,10,0,67886.53557245864,0
831,Male,35,44019.899795549056,1,1,7,0,124963.55029474631,0
832,Male,42,14745.252670628395,4,1,9,0,111667.27993666053,1
833,Male,29,32819.275360931155,3,1,4,1,65946.75835378768,0
834,Female,32,43401.936617387524,2,0,6,1,84929.2580599456,0
835,Male,43,8860.042967961723,3,1,2,0,41467.09247500023,0
836,Female,58,22061.195271121127,3,1,4,1,137777.5733784121,0
837,Male,62,59822.529406373884,1,1,2,0,142250.9789338241,0
838,Male,43,73566.31142391899,4,1,10,0,147576.42424571258,0
839,Female,64,99834.75113929497,1,1,5,0,134226.33969430052,0
840,Male,49,93311.33313435577,1,0,7,0,50875.306523547064,0
841,Male,27,64256.51995351916,1,1,1,0,35543.57798419546,0
842,Female,33,42124.8053294072,3,1,10,1,99551.60728952088,0
843,Male,24,63617.73647082327,1,1,10,1,139512.60322597326,0
844,Male,34,78565.1618080232,1,1,7,1,51282.16339916914,1
845,Male,40,11833.619092338731,4,1,10,1,30845.149754897022,1
846,Male,43,40990.48896962882,4,0,6,0,126659.52552386932,0
847,Female,38,83980.22856356172,1,1,6,1,39215.48211440808,0
848,Female,39,38383.2951933044,4,1,8,0,79644.72382920365,0
849,Male,24,57187.22712271865,4,0,8,1,111466.4804626542,0
850,Female,31,58776.93608621982,1,1,6,1,58415.710254741614,0
851,Male,32,18447.625313363937,3,1,3,1,40075.5076136072,0
852,Female,24,36223.544165228835,1,1,5,1,122402.54741469944,0
853,Male,26,33451.128874193215,4,1,2,0,105621.01018644497,0
854,Male,68,2619.6708532064795,3,0,5,1,148618.85813841657,1
855,Male,65,2419.1763891355245,2,0,9,1,71316.9639983951,0
856,Male,25,83169.70436757735,3,1,10,0,37411.48635482397,0
857,Male,67,27307.080997281242,4,1,1,0,118122.00424023549,0
858,Male,40,51807.876623881544,3,1,10,1,92608.01026238948,0
859,Female,46,29872.557358877304,1,1,5,0,55584.47176669621,0
860,Male,35,94067.92451153405,2,1,6,0,123807.47868057113,0
861,Female,48,25929.675886577374,2,1,7,0,54450.658301993244,0
862,Male,47,42965.68127389351,2,1,9,1,61279.39857995239,0
863,Female,69,87273.02504846019,4,1,6,0,41103.426524006296,1
864,Female,56,84193.35667918087,4,1,5,1,77931.87348370254,1
865,Female,52,18610.141784627733,2,0,7,1,80271.50687249028,1
866,Male,35,80264.33097957104,3,1,1,1,91747.4148417958,0
867,Male,59,45818.688673789264,2,1,5,1,115075.7120548533,0
868,Female,56,48296.887208535525,3,1,2,0,138732.1114416511,0
869,Male,34,13347.997241594378,3,1,4,1,46528.09186653704,0
870,Female,31,8060.151375712466,4,1,7,0,36521.77180183885,0
871,Male,48,72793.93069737652,3,1,5,1,32223.748031319996,1
872,Female,41,49646.11523552998,2,0,6,0,47234.56536825795,0
873,Female,52,43685.070261517954,4,0,2,1,108953.93829379512,0
874,Male,61,72950.82286523968,1,1,3,0,117297.2493595796,0
875,Female,62,76551.28989911097,1,0,7,1,124380.68562337465,1
876,Male,51,15890.816766935357,4,1,2,1,59244.98542852112,0
877,Female,20,61022.51494776413,2,1,6,0,66707.37759138239,1
878,Female,54,13535.408227768552,1,1,5,1,87976.15746785994,1
879,Male,60,75137.50860290456,1,1,10,1,37581.97162322718,1
880,Male,57,65695.51562671395,3,1,1,1,103336.98278534954,0
881,Male,43,95661.46210834579,3,1,10,0,148048.2040410909,0
882,Female,40,6895.8016356421185,2,1,4,1,73296.7573653603,0
883,Male,61,5705.472115125432,4,0,2,1,120341.69701096608,0
884,Female,56,28218.707469320016,2,1,4,0,90004.06986835296,0
885,Female,32,26170.5683735906,4,1,1,0,45337.42132324593,0
886,Male,66,24697.879907199982,1,1,2,0,99868.49385631036,1
887,Male,21,90625.45805210367,3,1,8,0,65984.9122132878,0
888,Female,46,24954.61998495061,2,0,6,0,34128.38501441499,1
889,Female,39,27194.9726128631,2,1,2,1,106191.56761412925,0
890,Male,42,75939.82624179637,4,1,6,1,133071.8819189673,0
891,Male,30,44973.984245054,4,1,10,1,71372.37202798491,1
892,Male,35,77671.05569551812,2,1,9,0,76835.46566553245,0
893,Male,50,6536.615756438524,4,1,7,1,136922.6019560654,0
894,Male,33,48757.11936733843,2,0,9,0,127633.05760408271,0
895,Female,62,3361.3600183282633,2,1,5,0,115794.33882621325,0
896,Female,59,6265.320345535452,2,0,7,1,59855.64765037775,0
897,Female,61,90643.74533444109,1,1,7,0,139225.99859599734,0
898,Female,19,13924.537111759517,4,1,3,0,48529.890904705564,0
899,Male,52,53242.06822752171,3,1,7,1,105212.46233006661,0
900,Male,59,41109.560260070655,3,1,1,0,33456.14166558225,0
901,Male,51,34734.332625884264,4,0,9,0,107246.3767589935,0
902,Female,47,89983.33456872725,2,1,10,1,63257.32222480318,0
903,Female,30,2182.33967754895,3,0,6,0,83961.2372620464,1
904,Male,30,66378.96861755892,3,1,5,0,71431.74624684636,0
905,Male,35,96339.44342135504,4,1,7,1,50730.810749545184,0
906,Female,49,56016.81834618419,3,1,5,1,104637.69481126488,0
907,Female,49,93682.24620330919,2,1,10,1,135837.0666168729,1
908,Male,52,5225.787928602377,4,0,5,1,145090.1090738884,0
909,Male,56,41879.33190741614,2,0,10,0,53081.56357846981,0
910,Female,63,26015.779096205115,3,0,7,0,116084.7328875568,0
911,Male,69,73082.09649807298,3,1,10,1,109720.72399268187,0
912,Male,46,98129.70904972467,2,1,7,0,71205.3347489487,0
913,Male,66,25653.00624442478,1,1,3,0,32291.9039224471,0
914,Female,46,65417.460147407444,3,1,3,1,112774.94967754393,0
915,Female,61,19809.76327597401,1,1,10,1,143459.38326714002,1
916,Female,33,56533.02545716099,3,1,3,0,105854.41462987817,0
917,Female,61,46393.24866883362,1,1,6,1,82235.12690251609,0
918,Female,64,97200.5329631537,1,1,6,1,93018.4672933954,0
919,Female,27,60852.72726964665,1,1,3,1,53955.4569191901,1
920,Female,47,34950.63720868188,2,0,3,0,120065.2996504485,1
921,Male,42,11409.578488793337,1,1,8,1,119570.37960118188,0
922,Male,56,15124.682873493455,1,1,8,0,47462.076046491,0
923,Male,37,22531.69299512351,1,1,7,0,135357.4058999591,0
924,Male,22,25096.666134029798,3,0,10,0,62302.76873679663,0
925,Male,18,85061.60578411378,1,1,4,1,147870.72731239378,0
926,Male,47,56122.27882825249,3,1,4,1,75948.3616844695,0
927,Male,66,52339.09113743664,1,0,3,1,51346.08704813996,0
928,Female,20,11476.887186921747,1,1,5,1,72206.41336147828,0
929,Female,62,86013.9693349435,2,1,3,1,82821.63944366318,0
930,Male,31,72281.43032084838,3,0,8,0,38316.93276459538,0
931,Male,47,6766.836190000158,1,0,7,0,99386.20574679475,0
932,Female,67,70783.50972297687,3,1,3,0,101715.89278426804,0
933,Male,21,54353.82173426461,3,1,9,1,118671.65464193666,0
934,Male,35,8172.534574677826,4,1,5,0,33500.38707488919,0
935,Female,54,45830.06415286565,2,1,9,0,94948.58573205961,0
936,Male,42,48469.6287130047,2,0,7,1,36348.89199247972,0
937,Female,65,16577.454016327574,2,1,7,1,114137.30639599841,0
938,Male,18,94569.81470002823,4,1,6,0,36687.358284118134,0
939,Female,63,84997.5371480662,4,0,2,0,139407.34180099593,0
940,Female,32,66902.23373291083,2,1,9,1,114249.90802613959,0
941,Female,26,46229.55610006072,4,1,6,1,90886.77181021885,1
942,Male,32,41176.554158450854,4,1,8,1,82980.470793741,0
943,Female,66,65097.34671509542,4,0,1,1,45680.71564959148,1
944,Male,41,54543.186940690546,2,1,5,0,64919.92674775957,0
945,Male,21,6227.310588188561,2,1,1,0,134275.09260250756,1
946,Male,29,51250.26487703317,2,1,10,1,138534.33738749928,0
947,Male,54,80640.36172328395,4,0,8,0,30089.72500446373,0
948,Female,54,45923.9877596958,2,1,8,0,101296.36697730616,0
949,Female,60,5195.6577554268415,4,1,1,1,116316.07308301363,0
950,Male,23,78627.8199384033,1,1,9,0,104249.63789491275,1
951,Male,56,20136.37821359744,4,1,2,0,39801.57178396248,0
952,Female,63,25862.083488803877,3,1,9,0,56126.98785586827,0
953,Male,41,16470.63534322959,2,1,1,1,60040.83208576632,0
954,Female,28,33021.50648714975,2,1,10,1,129806.95575661075,0
955,Male,30,75675.15056886351,3,1,9,0,85583.93235707046,1
956,Male,51,51938.58595039373,4,1,4,1,88419.38543294842,0
957,Female,42,20488.127415071256,1,1,9,1,142187.16558654103,0
958,Male,24,87783.00781520408,3,1,7,1,106450.30666256585,0
959,Female,69,87958.18549515292,3,1,6,0,137840.12418631965,1
960,Male,21,87057.84250460069,4,1,5,0,84781.06264098396,0
961,Male,25,23879.62113815393,2,0,9,1,47932.351022195304,0
962,Male,37,45123.93441809881,4,1,2,0,141592.27128889028,0
963,Female,46,98498.9656140875,3,1,2,0,85044.61388010459,0
964,Male,68,77201.24763099903,3,1,9,0,51795.77062545862,0
965,Male,62,2716.742122555982,2,1,3,0,66287.48883647067,1
966,Male,63,6520.459126049205,2,1,8,0,36096.31076267307,0
967,Male,27,46393.137681233275,2,1,9,1,86196.07097476622,1
968,Female,60,90922.02058615601,4,1,8,0,132375.3806292284,0
969,Female,51,53870.17979527142,2,1,4,0,142029.65472080273,0
970,Male,43,49781.25080342902,3,1,1,0,141912.26490043727,1
971,Female,58,10547.369995663059,3,1,4,1,45027.60307544961,0
972,Male,66,65678.0104724294,1,1,9,1,75846.46590132684,0
973,Male,20,82210.31606002255,4,0,2,1,33387.45115808476,0
974,Male,23,38042.00075075623,1,0,3,0,132619.84139657672,0
975,Female,22,77561.18509253275,3,1,10,1,73050.69144255285,0
976,Female,22,96447.66539008117,1,0,8,1,105734.04334706817,0
977,Female,64,20376.64591276891,3,1,6,1,115787.81256927463,1
978,Female,40,52332.96311947413,1,1,8,1,81581.36036917864,1
979,Female,66,28713.795808457555,2,1,7,0,66773.08038602916,0
980,Female,26,79285.44190338394,1,1,5,1,145465.54921391336,1
981,Female,52,57759.33658811575,2,1,9,1,145738.5870028625,1
982,Female,37,63458.24175503037,2,1,4,0,64732.36416360263,0
983,Female,66,79791.4159615894,4,1,6,0,87555.01160933496,0
984,Male,59,39597.04726624549,2,1,2,1,146741.29903920268,0
985,Female,52,91509.00684070431,2,0,2,0,30584.208918660388,0
986,Female,67,53302.88672461399,1,1,2,1,79521.3898054979,0
987,Female,35,15795.4822835348,3,0,10,0,42054.90596171621,1
988,Female,34,69589.91181688025,4,1,7,0,91098.95586751231,0
989,Female,41,79326.13504382544,2,1,2,1,32960.394544858456,0
990,Female,20,31676.167706752665,4,0,2,0,78827.81176687535,0
991,Female,49,85717.9256998753,1,1,9,1,56483.88897424021,0
992,Female,52,90614.32547657665,2,1,7,0,93997.0034950489,0
993,Female,55,27690.448737780895,1,1,3,1,149519.23789208394,0
994,Female,30,98352.1472715222,4,1,3,0,126064.33261520971,0
995,Female,64,14071.152804875841,1,1,7,0,131477.05099493056,0
996,Male,42,20201.566840248997,4,0,5,0,106231.7984830897,0
997,Male,26,18422.483923802614,1,1,10,0,34987.18179267103,0
998,Female,21,89398.97100078705,4,1,6,0,54815.72112529729,0
999,Female,31,65429.25523249619,3,1,8,1,141007.7467736466,0
1000,Male,54,15210.428322227288,1,0,9,0,73933.57415145016,0
